id,name,price,company,availabe_quantity
201,amet,$67.45,Ullamcorper Limited,171
202,dolor.,$22.42,Aliquam Adipiscing Lobortis Foundation,598
203,justo.,$9.34,Neque Pellentesque Company,654
204,sociis,$59.50,Eleifend Non Associates,549
205,auctor,$66.94,Proin Non Industries,361
206,nulla.,$27.07,Ipsum Foundation,623
207,Cum,$4.85,Scelerisque Neque Corp.,65
208,tincidunt,$73.76,Sed Pede LLP,111
209,eu,$31.14,Semper Pretium Consulting,618
210,sociosqu,$48.06,Nibh Lacinia Orci Inc.,605
211,"nec,",$88.71,Erat LLC,25
212,vitae,$10.73,Lobortis PC,648
213,"elit,",$22.92,Orci Quis Lectus LLC,738
214,mi,$35.47,Nisl Sem Associates,31
215,scelerisque,$62.91,A Corp.,922
216,"eget,",$19.29,Scelerisque Mollis Limited,276
217,orci,$38.41,Lacinia Vitae Associates,652
218,eu,$88.79,Ut Semper Pretium Institute,999
219,in,$22.58,Dapibus Ltd,154
220,"montes,",$34.80,Cum Limited,692
221,vulputate,$4.07,Nunc Quis Arcu Institute,130
222,"convallis,",$26.03,Magna Foundation,912
223,odio.,$32.24,Donec At Incorporated,585
224,dictum,$38.17,Ut Odio Vel Limited,448
225,pellentesque,$4.30,Ipsum Dolor Sit LLP,622
226,Proin,$91.48,Scelerisque Consulting,377
227,Fusce,$83.86,Bibendum Sed Limited,326
228,velit,$35.12,Rutrum Justo Praesent PC,84
229,varius,$0.06,Rhoncus Incorporated,495
230,Etiam,$18.00,Amet Corp.,993
231,diam.,$83.60,Sed Molestie PC,583
232,pharetra.,$93.38,Egestas Associates,529
233,feugiat,$51.95,Auctor Institute,381
234,sagittis.,$3.40,Cursus Et Company,141
235,Suspendisse,$21.64,Ac Metus Industries,492
236,justo.,$87.51,Penatibus Associates,773
237,nunc.,$69.82,Vitae Velit Corporation,452
238,gravida.,$79.00,Sed Foundation,167
239,Quisque,$75.19,Dolor Company,479
240,Cras,$66.27,Nibh Vulputate LLP,752
241,neque,$65.66,Sed Malesuada Augue Industries,336
242,sit,$33.37,Fermentum Arcu Vestibulum Ltd,264
243,Nam,$59.84,Fringilla Corp.,343
244,lectus,$3.26,Et Commodo Industries,810
245,arcu,$31.73,Eu Corporation,805
246,vel,$21.16,Cursus Luctus Ipsum Limited,263
247,"enim,",$54.05,Netus Et Malesuada Incorporated,271
248,"non,",$3.81,Justo Proin Inc.,650
249,pellentesque.,$85.16,Donec Non Justo LLC,475
250,cursus,$75.69,Nullam Nisl LLP,773
251,tincidunt.,$85.10,Sagittis Corp.,252
252,In,$89.38,At Auctor Ullamcorper Associates,212
253,mauris,$48.93,Tincidunt Nibh Phasellus Inc.,665
254,varius,$84.58,Sapien Aenean Industries,86
255,"nec,",$86.13,Nulla Eget Corporation,470
256,diam,$38.11,Ante Ipsum Limited,426
257,Cras,$36.67,Sit LLP,522
258,Aliquam,$28.90,Vestibulum Mauris Corp.,22
259,ligula,$7.96,Sed Diam Incorporated,382
260,varius,$62.61,Lorem Institute,482
261,enim,$17.21,Odio Vel Ltd,505
262,nisl,$38.36,Fermentum Ltd,708
263,eleifend,$27.33,Aliquet Consulting,807
264,sagittis.,$5.77,Dolor Associates,741
265,leo,$44.49,Vestibulum Ante Limited,785
266,lectus,$77.45,Ut Dolor Dapibus Corporation,913
267,nisl,$14.90,Fusce Corporation,912
268,iaculis,$21.03,Felis Incorporated,198
269,sagittis,$30.96,Aliquet Metus Urna Corporation,898
270,elementum,$7.00,Libero Integer In Associates,92
271,"ac,",$69.41,Ipsum Sodales Limited,841
272,dictum,$52.05,Vel Sapien Consulting,6
273,velit.,$55.76,Pede Ultrices Ltd,218
274,lacus.,$83.64,Aliquam Rutrum LLC,651
275,vel,$47.22,Aliquam PC,76
276,quis,$62.85,Curabitur Incorporated,105
277,lorem,$79.64,Eros Limited,281
278,nisl.,$6.85,Mus Proin Vel Company,849
279,eu,$82.21,Lorem Auctor Quis Limited,49
280,mi,$63.43,Ligula Consulting,695
281,pretium,$64.90,Integer Sem Elit Corporation,387
282,purus,$90.46,Consectetuer Cursus LLC,47
283,Nam,$23.39,Imperdiet Erat Institute,836
284,sit,$19.64,Dolor Donec Inc.,462
285,magna.,$38.16,Malesuada Id Erat Industries,403
286,vel,$24.12,Urna Institute,559
287,"eleifend,",$23.28,Massa Consulting,972
288,orci.,$5.58,Ultricies Company,924
289,Suspendisse,$88.98,Eleifend Cras Sed PC,183
290,pellentesque.,$26.18,Sed Auctor PC,998
291,sit,$10.28,Magna Associates,877
292,eu,$60.40,Sapien Molestie Foundation,934
293,mollis,$24.72,Est Ac Institute,715
294,urna,$11.79,Rutrum Magna LLC,931
295,Donec,$77.26,Ac Eleifend Vitae Consulting,577
296,purus,$46.15,Ornare Placerat Ltd,888
297,senectus,$17.86,Nullam Limited,661
298,commodo,$67.74,Eget Venenatis A Limited,784
299,nibh,$94.02,Et Magnis Inc.,163
300,ultrices,$25.38,Quisque Ac Libero Foundation,482