id,name,price,company,availabe_quantity
201,amet,45,Ullamcorper Limited,171
202,hydroxychloroquine,22,Aliquam Adipiscing Lobortis Foundation,598
203,justo.,9,Neque Pellentesque Company,654
204,sociis,59,Eleifend Non Associates,549
205,auctor,66,Proin Non Industries,361
206,nulla.,27,Ipsum Foundation,623
207,Cum,4,Scelerisque Neque Corp.,65
208,tincidunt,73,Sed Pede LLP,111
209,eu,31,Semper Pretium Consulting,618
210,chloroquine,48,Nibh Lacinia Orci Inc.,605
211,"nec,",88,Erat LLC,25
212,vitae,10,Lobortis PC,648
213,"elit,",22,Orci Quis Lectus LLC,738
214,mi,35,Nisl Sem Associates,31
215,scelerisque,62,A Corp.,922
216,"eget,",19,Scelerisque Mollis Limited,276
217,orci,38,Lacinia Vitae Associates,652
218,eu,88,Ut Semper Pretium Institute,999
219,in,22,Dapibus Ltd,154
220,"montes,",34,Cum Limited,692
221,vulputate,4,Nunc Quis Arcu Institute,130
222,"convallis,",26,Magna Foundation,912
223,odio.,32,Donec At Incorporated,585
224,dictum,38,Ut Odio Vel Limited,448
225,pellentesque,4,Ipsum Dolor Sit LLP,622
226,Proin,91,Scelerisque Consulting,377
227,Fusce,83,Bibendum Sed Limited,326
228,velit,35,Rutrum Justo Praesent PC,84
229,varius,6,Rhoncus Incorporated,495
230,zanamivir,18,Amet Corp.,993
231,diam.,83,Sed Molestie PC,583
232,pharetra.,93,Egestas Associates,529
233,feugiat,51,Auctor Institute,381
234,sagittis.,3,Cursus Et Company,141
235,Suspendisse,21,Ac Metus Industries,492
236,justo.,87,Penatibus Associates,773
237,nunc.,69,Vitae Velit Corporation,452
238,gravida.,79,Sed Foundation,167
239,Quisque,75,Dolor Company,479
240,Cras,66,Nibh Vulputate LLP,752
241,neque,65,Sed Malesuada Augue Industries,336
242,sit,33,Fermentum Arcu Vestibulum Ltd,264
243,Nam,59,Fringilla Corp.,343
244,lectus,3,Et Commodo Industries,810
245,arcu,31,Eu Corporation,805
246,vel,21,Cursus Luctus Ipsum Limited,263
247,"enim,",54,Netus Et Malesuada Incorporated,271
248,"non,",3,Justo Proin Inc.,650
249,pellentesque.,85,Donec Non Justo LLC,475
250,cursus,75,Nullam Nisl LLP,773
251,tincidunt.,85,Sagittis Corp.,252
252,In,89,At Auctor Ullamcorper Associates,212
253,mauris,48,Tincidunt Nibh Phasellus Inc.,665
254,varius,84,Sapien Aenean Industries,86
255,"nec,",86,Nulla Eget Corporation,470
256,diam,38,Ante Ipsum Limited,426
257,Cras,36,Sit LLP,522
258,Aliquam,28,Vestibulum Mauris Corp.,22
259,ligula,7,Sed Diam Incorporated,382
260,varius,62,Lorem Institute,482