id,name,dob,phone,Password_hash,account_info,balance,gender,address,district,state,country,height(cm),weight(kg)
101,Laurel Fischer,1926-10-29,1690032201799,pass123,5138169345608811,79936,male,"P.O. Box 873, 5873 Ultricies St.",Rajkot,GJ,India,204,153
102,Chaim Rollins,2000-10-21,1665112303199,pass123,5124323605509351,74400,male,"P.O. Box 392, 6322 Leo Av.",Kohima,Nagaland,India,143,6
103,Merritt Talley,1937-11-20,1608080357699,pass123,5451467158374441,28439,male,"Ap #643-4058 Non, Street",Raichur,KA,India,98,110
104,Sandra Jensen,1937-12-17,1624101409499,pass123,5461974372336740,18953,female,419 Est. Avenue,Haridwar,UT,India,109,183
105,Drew Howell,1964-06-16,1623061408699,pass123,5467268329333593,29848,female,8161 Maecenas Street,Pondicherry,PY,India,95,42
106,Wing Powers,1956-08-07,1622021912499,pass123,5590322331231012,4922,female,Ap #127-297 Sit Rd.,Jaipur,RJ,India,89,15
107,Elton Walters,1972-07-13,1602110910099,pass123,5120734212710691,64861,male,925-7905 Placerat Avenue,Durg,Chhattisgarh,India,191,167
108,Justine Gomez,2015-05-26,1673091878699,pass123,5209342011553009,97025,male,972-7585 Purus Avenue,Itanagar,AR,India,213,197
109,Odessa Stafford,1946-08-12,1622010570199,pass123,5255473972961536,90942,male,Ap #321-8982 Quisque Ave,Pondicherry,PY,India,35,55
110,Nathan Gillespie,1967-05-02,1662042030499,pass123,5165028742685564,64986,female,538-2052 Cras Rd.,Dehradun,Uttarakhand,India,64,97
111,Dale Bartlett,1932-05-29,1645010909399,pass123,5205447485734979,80435,female,"P.O. Box 699, 4080 Malesuada. St.",Nagarcoil,TN,India,51,64
112,Hanna Mcgee,1954-01-21,1679021372299,pass123,5193858775942367,67809,female,543-4276 Quis Rd.,Palakkad,KL,India,20,121
113,Whitney Knowles,1965-02-08,1601022284599,pass123,5502969747004727,9604,male,Ap #767-6144 Cras Rd.,Port Blair,AN,India,191,181
114,Ori Williamson,1993-07-14,1660091341299,pass123,5358605277969922,58325,male,"P.O. Box 491, 3457 Purus. Avenue",Khammam,AP,India,53,94
115,Clementine Hopkins,1925-12-16,1610030419799,pass123,5279422375769030,60822,male,2509 Ridiculus Road,Sonipat,Haryana,India,72,189
116,Hoyt Kennedy,1927-12-25,1661112094799,pass123,5116456430891386,6620,female,"973-8293 Vel, St.",Kanchrapara,West Bengal,India,239,127
117,Adele Hammond,1925-12-10,1685101509499,pass123,5551602487365301,53534,female,4875 Non Av.,Korba,Chhattisgarh,India,116,98
118,Imogene Garrison,1984-12-10,1642082078199,pass123,5443833240796076,7563,female,"P.O. Box 937, 7799 Duis Road",Dibrugarh,Assam,India,110,19
119,Shaeleigh Sykes,2012-03-16,1681080229799,pass123,5471280507251988,29117,male,183-4174 Commodo Street,Kohima,NL,India,15,174
120,Alma Talley,1977-09-07,1666030469799,pass123,5193706433810452,9831,male,"P.O. Box 151, 7506 Et, St.",Agartala,Tripura,India,224,21
121,Mariam Lynch,1994-04-14,1695110494899,pass123,5237860315608571,5741,male,"P.O. Box 529, 3234 Libero Road",Panjim,Goa,India,147,60
122,Teagan Blair,1939-06-08,1641031769999,pass123,5428145704887351,42045,female,510-9533 Mattis Road,Aizwal,Mizoram,India,201,29
123,Zachery Diaz,1980-07-15,1692052117499,pass123,5108675077627809,87305,female,937-5185 Mauris Road,Tuticorin,Tamil Nadu,India,149,107
124,Curran Love,1967-10-20,1634091085299,pass123,5344828467514558,35774,female,Ap #603-4919 Vel St.,Chandigarh,CH,India,194,90
125,Dean Clay,1925-07-15,1617083011199,pass123,5442305843957190,75520,male,Ap #927-1610 Libero. St.,Khanewal,PB,India,120,5
126,Jakeem Meyer,1996-12-14,1676021594199,pass123,5530369699330384,47265,male,"P.O. Box 727, 8784 Orci Ave",Kollam,Kerala,India,140,70
127,Arden Holmes,1989-05-27,1678052311999,pass123,5209491646097625,76892,male,Ap #924-8536 Tellus. Road,Hathras,UP,India,1,62
128,Callum Hudson,2020-03-24,1611082116299,pass123,5528387414894488,16029,female,Ap #238-3794 Non Rd.,Karimnagar,AP,India,93,13
129,Amos Figueroa,1984-05-08,1676011438699,pass123,5112515584599626,35787,female,786-5585 Ipsum Av.,Silvassa,DN,India,41,89
130,Martin Oneal,2001-03-23,1664101525099,pass123,5339322226681186,20873,female,"P.O. Box 401, 467 Quis Rd.",Port Blair,Andaman and Nicobar Islands,India,121,53
131,Jocelyn Knox,1970-10-20,1613021081499,pass123,5595949483423164,86144,male,Ap #457-6614 Vivamus Avenue,Guwahati,Assam,India,170,139
132,Audra Harrison,2006-03-29,1603100197899,pass123,5105477771584904,79727,male,249-8069 Eu Av.,Sahiwal,Punjab,India,53,135
133,Buffy Campbell,1940-10-08,1665041808899,pass123,5551735508534198,20068,male,"Ap #601-7452 Et, Street",Mandasor,Madhya Pradesh,India,241,155
134,Slade Jackson,1928-09-13,1633042794899,pass123,5244480057996919,5776,female,"P.O. Box 659, 6977 Vestibulum Avenue",Jammu,JK,India,19,41
135,Scott Nguyen,1993-11-04,1646082445999,pass123,5388890554207816,53167,female,"P.O. Box 919, 4109 Tristique Road",Delhi,DL,India,30,199
136,Cadman Zamora,2021-10-08,1687091785499,pass123,5385499344759244,5841,female,214-3343 Ac Street,Shillong,ML,India,228,106
137,Donovan Foreman,1937-02-02,1677012883099,pass123,5486906109199281,10215,male,221 Malesuada Rd.,Panjim,Goa,India,90,126
138,Blaine Lindsay,1989-08-29,1628060592399,pass123,5547070631961044,60318,male,425-3737 Sollicitudin Road,Belgaum,Karnataka,India,109,173
139,Noel Malone,1919-10-04,1654071730899,pass123,5447617721567437,86988,male,"P.O. Box 896, 8177 In Rd.",Jammu,JK,India,218,76
140,Allistair Browning,2019-04-16,1637022384599,pass123,5548439997275019,59770,female,"P.O. Box 224, 5934 Lacinia St.",Guwahati,Assam,India,245,120
141,Fletcher Gibson,1989-10-05,1695091542999,pass123,5152726999152130,94943,female,Ap #395-8928 Diam. Road,Shillong,Meghalaya,India,224,17
142,Yvette Manning,1951-02-17,1651092260099,pass123,5385357325775607,62528,female,"P.O. Box 892, 3332 Magna. Avenue",Kohima,NL,India,21,188
143,Zenia Barron,1924-09-05,1665111781799,pass123,5207976738165464,8701,male,Ap #928-4407 Ullamcorper Street,Jammu,JK,India,123,37
144,Rudyard Cruz,2010-09-28,1688082237199,pass123,5337629180377383,80584,male,Ap #176-4541 Nunc Avenue,Agartala,TR,India,164,18
145,Gisela Christian,1955-05-12,1658112136799,pass123,5459752400025921,87073,male,8646 Eu Avenue,Panjim,Goa,India,45,152
146,Oprah Hoover,1954-02-04,1607092509199,pass123,5537886284692053,17922,female,"Ap #594-8986 At, Rd.",Raurkela Civil Township,Odisha,India,129,152
147,Ariana Haney,2001-08-13,1635072071899,pass123,5286686941029795,79391,female,"P.O. Box 372, 3478 Quis Road",Port Blair,AN,India,53,33
148,Morgan Bolton,1920-04-06,1686041154299,pass123,5417287299967256,29746,female,710-1476 Sodales Street,Panjim,Goa,India,109,145
149,Honorato Drake,1961-03-30,1681101988299,pass123,5439133642530215,59534,male,341-9764 Malesuada Ave,Bhubaneswar,OR,India,179,131
150,Christine Holcomb,1992-02-04,1624070857199,pass123,5489050844043426,31224,male,Ap #235-6575 Dolor St.,Srinagar,Jammu and Kashmir,India,235,81
151,Alec Mcclain,1976-10-30,1635072356799,pass123,5517202262709493,8997,male,4694 Sed Rd.,Delhi,Delhi,India,162,38
152,Adrian Ratliff,1947-06-10,1698060912499,pass123,5468786967385533,24108,female,"P.O. Box 949, 9355 Nulla Avenue",Etawah,Uttar Pradesh,India,131,86
153,Lunea Guthrie,1974-08-18,1669020572299,pass123,5370567870620779,86585,female,Ap #871-6044 Pulvinar Av.,Nagaon,AS,India,104,137
154,Connor Holman,1919-06-08,1645020722699,pass123,5317876593039159,83407,female,438-6275 Feugiat. Ave,Puri,Odisha,India,194,2
155,Sean Harris,1926-10-01,1679072223399,pass123,5453417314920882,53183,male,Ap #808-4416 Et St.,Kohima,NL,India,181,126
156,Avram Summers,2001-06-19,1694050913299,pass123,5594424553640601,89491,male,659-7505 Orci. Rd.,Aurangabad,MH,India,55,3
157,Shelly Farley,1968-02-13,1644091236999,pass123,5435117205104330,39716,male,"795-1024 Non, Street",Nagaon,AS,India,189,99
158,Ethan Huber,1972-08-04,1684110104899,pass123,5589220861966655,4902,female,Ap #940-6761 Nec Ave,Port Blair,Andaman and Nicobar Islands,India,153,148
159,Cassandra Fuller,1991-06-23,1669040178699,pass123,5166212527158448,76684,female,Ap #359-2843 Imperdiet Avenue,Bhusawal,Maharastra,India,135,23
160,Xander Wolfe,2018-11-16,1644052423599,pass123,5476270862983981,81350,female,2879 Justo. Street,Panjim,GA,India,110,26