id,name,dob,phone,Password_hash,account_info,balance,gender,address,district,state,country,height(cm),weight(kg)
101,Laurel Fischer,1926-10-29,1690032201799,pass123,5138 1693 4560 8811,79 936,male,"P.O. Box 873, 5873 Ultricies St.",Rajkot,GJ,India,204,153
102,Chaim Rollins,2000-10-21,1665112303199,pass123,5124 3236 0550 9351,74 400,male,"P.O. Box 392, 6322 Leo Av.",Kohima,Nagaland,India,143,6
103,Merritt Talley,1937-11-20,1608080357699,pass123,5451 4671 5837 4441,28 439,male,"Ap #643-4058 Non, Street",Raichur,KA,India,98,110
104,Sandra Jensen,1937-12-17,1624101409499,pass123,5461 9743 7233 6740,18 953,female,419 Est. Avenue,Haridwar,UT,India,109,183
105,Drew Howell,1964-06-16,1623061408699,pass123,5467 2683 2933 3593,29 848,female,8161 Maecenas Street,Pondicherry,PY,India,95,42
106,Wing Powers,1956-08-07,1622021912499,pass123,5590 3223 3123 1012,4 922,female,Ap #127-297 Sit Rd.,Jaipur,RJ,India,89,15
107,Elton Walters,1972-07-13,1602110910099,pass123,5120 7342 1271 0691,64 861,male,925-7905 Placerat Avenue,Durg,Chhattisgarh,India,191,167
108,Justine Gomez,2015-05-26,1673091878699,pass123,5209 3420 1155 3009,97 025,male,972-7585 Purus Avenue,Itanagar,AR,India,213,197
109,Odessa Stafford,1946-08-12,1622010570199,pass123,5255 4739 7296 1536,90 942,male,Ap #321-8982 Quisque Ave,Pondicherry,PY,India,35,55
110,Nathan Gillespie,1967-05-02,1662042030499,pass123,5165 0287 4268 5564,64 986,female,538-2052 Cras Rd.,Dehradun,Uttarakhand,India,64,97
111,Dale Bartlett,1932-05-29,1645010909399,pass123,5205 4474 8573 4979,80 435,female,"P.O. Box 699, 4080 Malesuada. St.",Nagarcoil,TN,India,51,64
112,Hanna Mcgee,1954-01-21,1679021372299,pass123,5193 8587 7594 2367,67 809,female,543-4276 Quis Rd.,Palakkad,KL,India,20,121
113,Whitney Knowles,1965-02-08,1601022284599,pass123,5502 9697 4700 4727,9 604,male,Ap #767-6144 Cras Rd.,Port Blair,AN,India,191,181
114,Ori Williamson,1993-07-14,1660091341299,pass123,5358 6052 7796 9922,58 325,male,"P.O. Box 491, 3457 Purus. Avenue",Khammam,AP,India,53,94
115,Clementine Hopkins,1925-12-16,1610030419799,pass123,5279 4223 7576 9030,60 822,male,2509 Ridiculus Road,Sonipat,Haryana,India,72,189
116,Hoyt Kennedy,1927-12-25,1661112094799,pass123,5116 4564 3089 1386,6 620,female,"973-8293 Vel, St.",Kanchrapara,West Bengal,India,239,127
117,Adele Hammond,1925-12-10,1685101509499,pass123,5551 6024 8736 5301,53 534,female,4875 Non Av.,Korba,Chhattisgarh,India,116,98
118,Imogene Garrison,1984-12-10,1642082078199,pass123,5443 8332 4079 6076,7 563,female,"P.O. Box 937, 7799 Duis Road",Dibrugarh,Assam,India,110,19
119,Shaeleigh Sykes,2012-03-16,1681080229799,pass123,5471 2805 0725 1988,29 117,male,183-4174 Commodo Street,Kohima,NL,India,15,174
120,Alma Talley,1977-09-07,1666030469799,pass123,5193 7064 3381 0452,9 831,male,"P.O. Box 151, 7506 Et, St.",Agartala,Tripura,India,224,21
121,Mariam Lynch,1994-04-14,1695110494899,pass123,5237 8603 1560 8571,5 741,male,"P.O. Box 529, 3234 Libero Road",Panjim,Goa,India,147,60
122,Teagan Blair,1939-06-08,1641031769999,pass123,5428 1457 0488 7351,42 045,female,510-9533 Mattis Road,Aizwal,Mizoram,India,201,29
123,Zachery Diaz,1980-07-15,1692052117499,pass123,5108 6750 7762 7809,87 305,female,937-5185 Mauris Road,Tuticorin,Tamil Nadu,India,149,107
124,Curran Love,1967-10-20,1634091085299,pass123,5344 8284 6751 4558,35 774,female,Ap #603-4919 Vel St.,Chandigarh,CH,India,194,90
125,Dean Clay,1925-07-15,1617083011199,pass123,5442 3058 4395 7190,75 520,male,Ap #927-1610 Libero. St.,Khanewal,PB,India,120,5
126,Jakeem Meyer,1996-12-14,1676021594199,pass123,5530 3696 9933 0384,47 265,male,"P.O. Box 727, 8784 Orci Ave",Kollam,Kerala,India,140,70
127,Arden Holmes,1989-05-27,1678052311999,pass123,5209 4916 4609 7625,76 892,male,Ap #924-8536 Tellus. Road,Hathras,UP,India,1,62
128,Callum Hudson,2020-03-24,1611082116299,pass123,5528 3874 1489 4488,16 029,female,Ap #238-3794 Non Rd.,Karimnagar,AP,India,93,13
129,Amos Figueroa,1984-05-08,1676011438699,pass123,5112 5155 8459 9626,35 787,female,786-5585 Ipsum Av.,Silvassa,DN,India,41,89
130,Martin Oneal,2001-03-23,1664101525099,pass123,5339 3222 2668 1186,20 873,female,"P.O. Box 401, 467 Quis Rd.",Port Blair,Andaman and Nicobar Islands,India,121,53
131,Jocelyn Knox,1970-10-20,1613021081499,pass123,5595 9494 8342 3164,86 144,male,Ap #457-6614 Vivamus Avenue,Guwahati,Assam,India,170,139
132,Audra Harrison,2006-03-29,1603100197899,pass123,5105 4777 7158 4904,79 727,male,249-8069 Eu Av.,Sahiwal,Punjab,India,53,135
133,Buffy Campbell,1940-10-08,1665041808899,pass123,5551 7355 0853 4198,20 068,male,"Ap #601-7452 Et, Street",Mandasor,Madhya Pradesh,India,241,155
134,Slade Jackson,1928-09-13,1633042794899,pass123,5244 4800 5799 6919,5 776,female,"P.O. Box 659, 6977 Vestibulum Avenue",Jammu,JK,India,19,41
135,Scott Nguyen,1993-11-04,1646082445999,pass123,5388 8905 5420 7816,53 167,female,"P.O. Box 919, 4109 Tristique Road",Delhi,DL,India,30,199
136,Cadman Zamora,2021-10-08,1687091785499,pass123,5385 4993 4475 9244,5 841,female,214-3343 Ac Street,Shillong,ML,India,228,106
137,Donovan Foreman,1937-02-02,1677012883099,pass123,5486 9061 0919 9281,10 215,male,221 Malesuada Rd.,Panjim,Goa,India,90,126
138,Blaine Lindsay,1989-08-29,1628060592399,pass123,5547 0706 3196 1044,60 318,male,425-3737 Sollicitudin Road,Belgaum,Karnataka,India,109,173
139,Noel Malone,1919-10-04,1654071730899,pass123,5447 6177 2156 7437,86 988,male,"P.O. Box 896, 8177 In Rd.",Jammu,JK,India,218,76
140,Allistair Browning,2019-04-16,1637022384599,pass123,5548 4399 9727 5019,59 770,female,"P.O. Box 224, 5934 Lacinia St.",Guwahati,Assam,India,245,120
141,Fletcher Gibson,1989-10-05,1695091542999,pass123,5152 7269 9915 2130,94 943,female,Ap #395-8928 Diam. Road,Shillong,Meghalaya,India,224,17
142,Yvette Manning,1951-02-17,1651092260099,pass123,5385 3573 2577 5607,62 528,female,"P.O. Box 892, 3332 Magna. Avenue",Kohima,NL,India,21,188
143,Zenia Barron,1924-09-05,1665111781799,pass123,5207 9767 3816 5464,8 701,male,Ap #928-4407 Ullamcorper Street,Jammu,JK,India,123,37
144,Rudyard Cruz,2010-09-28,1688082237199,pass123,5337 6291 8037 7383,80 584,male,Ap #176-4541 Nunc Avenue,Agartala,TR,India,164,18
145,Gisela Christian,1955-05-12,1658112136799,pass123,5459 7524 0002 5921,87 073,male,8646 Eu Avenue,Panjim,Goa,India,45,152
146,Oprah Hoover,1954-02-04,1607092509199,pass123,5537 8862 8469 2053,17 922,female,"Ap #594-8986 At, Rd.",Raurkela Civil Township,Odisha,India,129,152
147,Ariana Haney,2001-08-13,1635072071899,pass123,5286 6869 4102 9795,79 391,female,"P.O. Box 372, 3478 Quis Road",Port Blair,AN,India,53,33
148,Morgan Bolton,1920-04-06,1686041154299,pass123,5417 2872 9996 7256,29 746,female,710-1476 Sodales Street,Panjim,Goa,India,109,145
149,Honorato Drake,1961-03-30,1681101988299,pass123,5439 1336 4253 0215,59 534,male,341-9764 Malesuada Ave,Bhubaneswar,OR,India,179,131
150,Christine Holcomb,1992-02-04,1624070857199,pass123,5489 0508 4404 3426,31 224,male,Ap #235-6575 Dolor St.,Srinagar,Jammu and Kashmir,India,235,81
151,Alec Mcclain,1976-10-30,1635072356799,pass123,5517 2022 6270 9493,8 997,male,4694 Sed Rd.,Delhi,Delhi,India,162,38
152,Adrian Ratliff,1947-06-10,1698060912499,pass123,5468 7869 6738 5533,24 108,female,"P.O. Box 949, 9355 Nulla Avenue",Etawah,Uttar Pradesh,India,131,86
153,Lunea Guthrie,1974-08-18,1669020572299,pass123,5370 5678 7062 0779,86 585,female,Ap #871-6044 Pulvinar Av.,Nagaon,AS,India,104,137
154,Connor Holman,1919-06-08,1645020722699,pass123,5317 8765 9303 9159,83 407,female,438-6275 Feugiat. Ave,Puri,Odisha,India,194,2
155,Sean Harris,1926-10-01,1679072223399,pass123,5453 4173 1492 0882,53 183,male,Ap #808-4416 Et St.,Kohima,NL,India,181,126
156,Avram Summers,2001-06-19,1694050913299,pass123,5594 4245 5364 0601,89 491,male,659-7505 Orci. Rd.,Aurangabad,MH,India,55,3
157,Shelly Farley,1968-02-13,1644091236999,pass123,5435 1172 0510 4330,39 716,male,"795-1024 Non, Street",Nagaon,AS,India,189,99
158,Ethan Huber,1972-08-04,1684110104899,pass123,5589 2208 6196 6655,4 902,female,Ap #940-6761 Nec Ave,Port Blair,Andaman and Nicobar Islands,India,153,148
159,Cassandra Fuller,1991-06-23,1669040178699,pass123,5166 2125 2715 8448,76 684,female,Ap #359-2843 Imperdiet Avenue,Bhusawal,Maharastra,India,135,23
160,Xander Wolfe,2018-11-16,1644052423599,pass123,5476 2708 6298 3981,81 350,female,2879 Justo. Street,Panjim,GA,India,110,26
161,Zeph Obrien,1983-06-27,1621111283799,pass123,5194 1480 9129 4852,29 988,male,5036 Habitant St.,Bhimavaram,AP,India,202,142
162,Byron King,2007-10-16,1614051124899,pass123,5280 9512 7824 1959,86 297,male,5200 In Av.,Shillong,Meghalaya,India,154,83
163,Griffith Schwartz,2012-04-27,1614051781599,pass123,5365 3531 2555 4684,92 872,male,"P.O. Box 621, 4221 Leo. St.",Ajmer,Rajasthan,India,45,10
164,Colleen Salazar,1919-12-20,1646070138799,pass123,5162 4103 2666 3956,54 292,female,"3610 Semper, St.",Sadiqabad,PB,India,47,158
165,Gemma Snyder,1933-11-15,1658092278499,pass123,5179 0670 2128 8561,55 734,female,"P.O. Box 807, 9056 Nonummy Rd.",Rewa,MP,India,44,168
166,Yolanda Perry,2006-10-26,1661071016899,pass123,5469 6024 5296 2612,24 029,female,Ap #838-1549 Convallis Street,Ambattur,Tamil Nadu,India,116,195
167,Nina Reid,1960-09-22,1618111362999,pass123,5189 5015 6703 4334,72 481,male,Ap #786-5136 Fusce Avenue,Delhi,Delhi,India,154,138
168,Pamela Holloway,2014-01-12,1693113085099,pass123,5194 7768 5072 7280,66 552,male,8863 Ridiculus Ave,Port Blair,AN,India,123,37
169,Samantha Reilly,1958-06-13,1663031560499,pass123,5160 2015 4196 5496,24 099,male,860-5882 Nunc Rd.,Delhi,DL,India,237,180
170,Hunter Clarke,1987-01-20,1669010581999,pass123,5290 4171 0182 3544,96 249,female,"Ap #632-5280 Laoreet, Rd.",Kohima,NL,India,97,3
171,Karleigh Grant,1949-12-20,1693100885499,pass123,5415 2906 9840 5730,30 717,female,"P.O. Box 633, 7726 Aliquet Road",Chapra,BR,India,181,168
172,Carson Chapman,1975-03-04,1679052819899,pass123,5296 9258 0643 2340,74 803,female,"P.O. Box 389, 4545 Vulputate, Road",Port Blair,AN,India,196,173
173,Perry Crawford,1944-03-03,1622112793299,pass123,5127 9256 1720 9676,6 574,male,102-1501 Nunc Rd.,Kavaratti,LD,India,77,161
174,Isaac Spencer,2009-06-02,1681052779499,pass123,5479 3965 6465 7537,83 270,male,"537-7387 Amet, St.",Sambalpur,OR,India,47,162
175,Jacqueline Hancock,1962-04-28,1665112490799,pass123,5347 6801 4159 4341,64 354,male,490-8107 Nulla Road,Gangtok,Sikkim,India,1,43
176,Benedict Peters,1992-11-20,1618111669499,pass123,5454 7790 2861 9988,73 641,female,"P.O. Box 725, 5546 Eget Av.",Gangtok,Sikkim,India,81,9
177,Sarah Workman,2006-10-22,1693071810999,pass123,5402 3073 9283 6526,32 952,female,639 Erat Av.,Gangtok,SK,India,132,41
178,Jemima Sears,2007-06-24,1693071269899,pass123,5123 7158 7805 0040,62 477,female,"P.O. Box 221, 7275 Eu, Street",Kohima,Nagaland,India,185,11
179,Malcolm Decker,2003-01-29,1636122817599,pass123,5373 6289 1756 9895,96 848,male,325-5953 Nisl. Rd.,Pondicherry,PY,India,15,187
180,Chaney Brady,1954-07-22,1628032042299,pass123,5157 1394 7010 9337,3 673,male,2657 Neque. Av.,Jammu,JK,India,196,27
181,Ruth Poole,1930-02-08,1624110361899,pass123,5594 0271 8288 4605,78 253,male,"P.O. Box 711, 1136 Neque Av.",Silvassa,DN,India,194,103
182,Caryn Buckley,1937-02-13,1696111985199,pass123,5114 5122 5966 9345,61 684,female,Ap #866-3624 Mauris Road,Gaya,Bihar,India,184,109
183,John Noel,1937-01-31,1642111447399,pass123,5133 9860 4981 2265,68 848,female,950-6170 Tincidunt Street,Daman,DD,India,225,181
184,Dieter Aguilar,1950-11-04,1676031653299,pass123,5242 9466 6071 0923,8 131,female,8030 Molestie St.,Agartala,Tripura,India,45,63
185,Arden Mcmahon,1982-05-09,1605031590899,pass123,5285 9973 5626 6702,60 386,male,Ap #981-5250 Euismod St.,Vadodara,Gujarat,India,24,113
186,Harlan Whitaker,1999-11-30,1691090769899,pass123,5505 6896 9285 0588,34 897,male,131-9574 Tellus Avenue,Daman,DD,India,225,81
187,Hoyt Kline,1929-07-09,1649092530199,pass123,5372 5023 9689 4457,65 903,male,"P.O. Box 471, 8586 Egestas Road",Dhanbad,JH,India,205,65
188,Dustin Pace,1931-05-20,1664100263699,pass123,5251 5840 8528 7009,29 514,female,"Ap #432-5412 Iaculis, St.",Agartala,TR,India,51,137
189,Zachary Pitts,2012-04-19,1688020942599,pass123,5525 5836 1210 0701,85 931,female,1114 Fringilla Road,Purnea,Jharkhand,India,4,172
190,Ima Gilmore,1992-10-05,1646012339899,pass123,5596 2794 8844 4372,36 813,female,Ap #253-8503 Nascetur St.,Delhi,Delhi,India,23,67
191,Claudia Cox,1970-06-15,1603042462599,pass123,5346 9356 1803 2006,54 242,male,"P.O. Box 705, 2214 Nisl St.",Gangtok,Sikkim,India,182,164
192,Chava Bartlett,1937-01-24,1603100929899,pass123,5368 2954 9444 9359,82 305,male,"P.O. Box 645, 3371 Et Road",Raigarh,CT,India,242,33
193,Fleur Munoz,1937-04-17,1662093002399,pass123,5203 2724 5893 5557,73 680,male,"Ap #852-144 Ut, Road",Asansol,West Bengal,India,87,12
194,Sara Fulton,1939-04-25,1667112547599,pass123,5181 7383 5354 7107,4 333,female,2542 Donec St.,Gangtok,Sikkim,India,130,77
195,Clinton Atkinson,1941-05-14,1640051668399,pass123,5591 2659 6639 3723,2 115,female,Ap #387-4830 Vitae Street,Aizwal,Mizoram,India,153,62
196,Stephen Bailey,1987-09-18,1619042049999,pass123,5564 8146 7477 0103,6 304,female,Ap #836-9157 Ac Rd.,Aizwal,Mizoram,India,26,25
197,Lucas Russo,1951-10-23,1602041837299,pass123,5135 3096 5746 1622,29 311,male,165-4840 Cursus St.,Bijapur,Karnataka,India,226,22
198,Kristen Key,1922-08-12,1657112969399,pass123,5108 0120 1418 6550,80 261,male,532-6997 Accumsan Road,Delhi,Delhi,India,87,178
199,Leonard Anderson,1995-11-25,1669021619899,pass123,5218 4744 1096 5747,18 002,male,"P.O. Box 366, 8642 In St.",Indore,MP,India,209,15
200,Keegan Whitley,1930-09-18,1663080977699,pass123,5325 5638 3396 0721,33 669,female,Ap #631-9476 Molestie Ave,Bhagalpur,Bihar,India,111,44